<?xml version="1.0" encoding="UTF-8"?>
<export version="D">
  <design>
    <source>C:\Users\study\Downloads\Rhymestone\Rhymestone.sch</source>
    <date>2018/09/14 8:46:13</date>
    <tool>Eeschema (5.0.0)</tool>
    <sheet number="1" name="/" tstamps="/">
      <title_block>
        <title>#20 - Hash Twenty</title>
        <company>marksard</company>
        <rev>0.1.0</rev>
        <date>2018-09-14</date>
        <source>Rhymestone.sch</source>
        <comment number="1" value=""/>
        <comment number="2" value=""/>
        <comment number="3" value=""/>
        <comment number="4" value=""/>
      </title_block>
    </sheet>
  </design>
  <components>
    <comp ref="JP8">
      <value> </value>
      <footprint>kbd:Jumper</footprint>
      <libsource lib="Device" part="Jumper_NO_Small" description="Jumper, normally open"/>
      <sheetpath names="/" tstamps="/"/>
      <tstamp>5A91E324</tstamp>
    </comp>
    <comp ref="JP7">
      <value> </value>
      <footprint>kbd:Jumper</footprint>
      <libsource lib="Device" part="Jumper_NO_Small" description="Jumper, normally open"/>
      <sheetpath names="/" tstamps="/"/>
      <tstamp>5A91EDE5</tstamp>
    </comp>
    <comp ref="JP6">
      <value> </value>
      <footprint>kbd:Jumper</footprint>
      <libsource lib="Device" part="Jumper_NO_Small" description="Jumper, normally open"/>
      <sheetpath names="/" tstamps="/"/>
      <tstamp>5A91EF6D</tstamp>
    </comp>
    <comp ref="JP5">
      <value> </value>
      <footprint>kbd:Jumper</footprint>
      <libsource lib="Device" part="Jumper_NO_Small" description="Jumper, normally open"/>
      <sheetpath names="/" tstamps="/"/>
      <tstamp>5A91F0F9</tstamp>
    </comp>
    <comp ref="JP4">
      <value> </value>
      <footprint>kbd:Jumper</footprint>
      <libsource lib="Device" part="Jumper_NO_Small" description="Jumper, normally open"/>
      <sheetpath names="/" tstamps="/"/>
      <tstamp>5A9200B6</tstamp>
    </comp>
    <comp ref="JP3">
      <value> </value>
      <footprint>kbd:Jumper</footprint>
      <libsource lib="Device" part="Jumper_NO_Small" description="Jumper, normally open"/>
      <sheetpath names="/" tstamps="/"/>
      <tstamp>5A92024B</tstamp>
    </comp>
    <comp ref="JP2">
      <value> </value>
      <footprint>kbd:Jumper</footprint>
      <libsource lib="Device" part="Jumper_NO_Small" description="Jumper, normally open"/>
      <sheetpath names="/" tstamps="/"/>
      <tstamp>5A9203DF</tstamp>
    </comp>
    <comp ref="JP1">
      <value> </value>
      <footprint>kbd:Jumper</footprint>
      <libsource lib="Device" part="Jumper_NO_Small" description="Jumper, normally open"/>
      <sheetpath names="/" tstamps="/"/>
      <tstamp>5A920576</tstamp>
    </comp>
    <comp ref="R1">
      <value>R</value>
      <footprint>kbd:R</footprint>
      <libsource lib="Device" part="R" description="Resistor"/>
      <sheetpath names="/" tstamps="/"/>
      <tstamp>5AA6D1F3</tstamp>
    </comp>
    <comp ref="R2">
      <value>R</value>
      <footprint>kbd:R</footprint>
      <libsource lib="Device" part="R" description="Resistor"/>
      <sheetpath names="/" tstamps="/"/>
      <tstamp>5AA6D2A6</tstamp>
    </comp>
    <comp ref="U1">
      <value>ProMicro</value>
      <footprint>kbd:ProMicro_v2</footprint>
      <libsource lib="kbd" part="ProMicro" description=""/>
      <sheetpath names="/" tstamps="/"/>
      <tstamp>5B9A7C35</tstamp>
    </comp>
    <comp ref="RSW1">
      <value>RSW</value>
      <footprint>kbd:ResetSW</footprint>
      <libsource lib="kbd" part="SW_PUSH" description=""/>
      <sheetpath names="/" tstamps="/"/>
      <tstamp>5B9A95CB</tstamp>
    </comp>
    <comp ref="J1">
      <value>MJ-4PP-9</value>
      <footprint>kbd:MJ-4PP-9</footprint>
      <libsource lib="kbd" part="MJ-4PP-9" description=""/>
      <sheetpath names="/" tstamps="/"/>
      <tstamp>5B9AC7BB</tstamp>
    </comp>
    <comp ref="J2">
      <value>LED</value>
      <libsource lib="Connector_Generic" part="Conn_01x03" description="Generic connector, single row, 01x03, script generated (kicad-library-utils/schlib/autogen/connector/)"/>
      <sheetpath names="/" tstamps="/"/>
      <tstamp>5B9AC892</tstamp>
    </comp>
    <comp ref="J3">
      <value>AUX</value>
      <libsource lib="Connector_Generic" part="Conn_01x04" description="Generic connector, single row, 01x04, script generated (kicad-library-utils/schlib/autogen/connector/)"/>
      <sheetpath names="/" tstamps="/"/>
      <tstamp>5B9ACB0B</tstamp>
    </comp>
    <comp ref="J4">
      <value>OLED</value>
      <footprint>kbd:OLED</footprint>
      <libsource lib="Connector_Generic" part="Conn_01x04" description="Generic connector, single row, 01x04, script generated (kicad-library-utils/schlib/autogen/connector/)"/>
      <sheetpath names="/" tstamps="/"/>
      <tstamp>5B9ACB5F</tstamp>
    </comp>
    <comp ref="SW1">
      <value>SW_PUSH</value>
      <footprint>kbd:CherryMX_Hotswap</footprint>
      <libsource lib="kbd" part="SW_PUSH" description=""/>
      <sheetpath names="/" tstamps="/"/>
      <tstamp>5B9C1730</tstamp>
    </comp>
    <comp ref="D1">
      <value>D</value>
      <footprint>kbd:D3_SMD</footprint>
      <datasheet>~</datasheet>
      <libsource lib="Device" part="D" description="Diode"/>
      <sheetpath names="/" tstamps="/"/>
      <tstamp>5B9E5052</tstamp>
    </comp>
    <comp ref="SW5">
      <value>SW_PUSH</value>
      <footprint>kbd:CherryMX_Hotswap</footprint>
      <libsource lib="kbd" part="SW_PUSH" description=""/>
      <sheetpath names="/" tstamps="/"/>
      <tstamp>5B9EE7A9</tstamp>
    </comp>
    <comp ref="D5">
      <value>D</value>
      <footprint>kbd:D3_SMD</footprint>
      <datasheet>~</datasheet>
      <libsource lib="Device" part="D" description="Diode"/>
      <sheetpath names="/" tstamps="/"/>
      <tstamp>5B9EE7B0</tstamp>
    </comp>
    <comp ref="SW9">
      <value>SW_PUSH</value>
      <footprint>kbd:CherryMX_Hotswap</footprint>
      <libsource lib="kbd" part="SW_PUSH" description=""/>
      <sheetpath names="/" tstamps="/"/>
      <tstamp>5B9F04A1</tstamp>
    </comp>
    <comp ref="D9">
      <value>D</value>
      <footprint>kbd:D3_SMD</footprint>
      <datasheet>~</datasheet>
      <libsource lib="Device" part="D" description="Diode"/>
      <sheetpath names="/" tstamps="/"/>
      <tstamp>5B9F04A8</tstamp>
    </comp>
    <comp ref="SW13">
      <value>SW_PUSH</value>
      <footprint>kbd:CherryMX_Hotswap</footprint>
      <libsource lib="kbd" part="SW_PUSH" description=""/>
      <sheetpath names="/" tstamps="/"/>
      <tstamp>5B9F232E</tstamp>
    </comp>
    <comp ref="D13">
      <value>D</value>
      <footprint>kbd:D3_SMD</footprint>
      <datasheet>~</datasheet>
      <libsource lib="Device" part="D" description="Diode"/>
      <sheetpath names="/" tstamps="/"/>
      <tstamp>5B9F2335</tstamp>
    </comp>
    <comp ref="SW17">
      <value>SW_PUSH</value>
      <footprint>kbd:CherryMX_Hotswap</footprint>
      <libsource lib="kbd" part="SW_PUSH" description=""/>
      <sheetpath names="/" tstamps="/"/>
      <tstamp>5B9F47E0</tstamp>
    </comp>
    <comp ref="D17">
      <value>D</value>
      <footprint>kbd:D3_SMD</footprint>
      <datasheet>~</datasheet>
      <libsource lib="Device" part="D" description="Diode"/>
      <sheetpath names="/" tstamps="/"/>
      <tstamp>5B9F47E7</tstamp>
    </comp>
    <comp ref="SW2">
      <value>SW_PUSH</value>
      <footprint>kbd:CherryMX_Hotswap</footprint>
      <libsource lib="kbd" part="SW_PUSH" description=""/>
      <sheetpath names="/" tstamps="/"/>
      <tstamp>5B9F8BEF</tstamp>
    </comp>
    <comp ref="D2">
      <value>D</value>
      <footprint>kbd:D3_SMD</footprint>
      <datasheet>~</datasheet>
      <libsource lib="Device" part="D" description="Diode"/>
      <sheetpath names="/" tstamps="/"/>
      <tstamp>5B9F8BF6</tstamp>
    </comp>
    <comp ref="SW6">
      <value>SW_PUSH</value>
      <footprint>kbd:CherryMX_Hotswap</footprint>
      <libsource lib="kbd" part="SW_PUSH" description=""/>
      <sheetpath names="/" tstamps="/"/>
      <tstamp>5B9F8C02</tstamp>
    </comp>
    <comp ref="D6">
      <value>D</value>
      <footprint>kbd:D3_SMD</footprint>
      <datasheet>~</datasheet>
      <libsource lib="Device" part="D" description="Diode"/>
      <sheetpath names="/" tstamps="/"/>
      <tstamp>5B9F8C09</tstamp>
    </comp>
    <comp ref="SW10">
      <value>SW_PUSH</value>
      <footprint>kbd:CherryMX_Hotswap</footprint>
      <libsource lib="kbd" part="SW_PUSH" description=""/>
      <sheetpath names="/" tstamps="/"/>
      <tstamp>5B9F8C15</tstamp>
    </comp>
    <comp ref="D10">
      <value>D</value>
      <footprint>kbd:D3_SMD</footprint>
      <datasheet>~</datasheet>
      <libsource lib="Device" part="D" description="Diode"/>
      <sheetpath names="/" tstamps="/"/>
      <tstamp>5B9F8C1C</tstamp>
    </comp>
    <comp ref="SW14">
      <value>SW_PUSH</value>
      <footprint>kbd:CherryMX_Hotswap</footprint>
      <libsource lib="kbd" part="SW_PUSH" description=""/>
      <sheetpath names="/" tstamps="/"/>
      <tstamp>5B9F8C28</tstamp>
    </comp>
    <comp ref="D14">
      <value>D</value>
      <footprint>kbd:D3_SMD</footprint>
      <datasheet>~</datasheet>
      <libsource lib="Device" part="D" description="Diode"/>
      <sheetpath names="/" tstamps="/"/>
      <tstamp>5B9F8C2F</tstamp>
    </comp>
    <comp ref="SW18">
      <value>SW_PUSH</value>
      <footprint>kbd:CherryMX_Hotswap</footprint>
      <libsource lib="kbd" part="SW_PUSH" description=""/>
      <sheetpath names="/" tstamps="/"/>
      <tstamp>5B9F8C3B</tstamp>
    </comp>
    <comp ref="D18">
      <value>D</value>
      <footprint>kbd:D3_SMD</footprint>
      <datasheet>~</datasheet>
      <libsource lib="Device" part="D" description="Diode"/>
      <sheetpath names="/" tstamps="/"/>
      <tstamp>5B9F8C42</tstamp>
    </comp>
    <comp ref="SW3">
      <value>SW_PUSH</value>
      <footprint>kbd:CherryMX_Hotswap</footprint>
      <libsource lib="kbd" part="SW_PUSH" description=""/>
      <sheetpath names="/" tstamps="/"/>
      <tstamp>5B9FB768</tstamp>
    </comp>
    <comp ref="D3">
      <value>D</value>
      <footprint>kbd:D3_SMD</footprint>
      <datasheet>~</datasheet>
      <libsource lib="Device" part="D" description="Diode"/>
      <sheetpath names="/" tstamps="/"/>
      <tstamp>5B9FB76F</tstamp>
    </comp>
    <comp ref="SW7">
      <value>SW_PUSH</value>
      <footprint>kbd:CherryMX_Hotswap</footprint>
      <libsource lib="kbd" part="SW_PUSH" description=""/>
      <sheetpath names="/" tstamps="/"/>
      <tstamp>5B9FB77B</tstamp>
    </comp>
    <comp ref="D7">
      <value>D</value>
      <footprint>kbd:D3_SMD</footprint>
      <datasheet>~</datasheet>
      <libsource lib="Device" part="D" description="Diode"/>
      <sheetpath names="/" tstamps="/"/>
      <tstamp>5B9FB782</tstamp>
    </comp>
    <comp ref="SW11">
      <value>SW_PUSH</value>
      <footprint>kbd:CherryMX_Hotswap</footprint>
      <libsource lib="kbd" part="SW_PUSH" description=""/>
      <sheetpath names="/" tstamps="/"/>
      <tstamp>5B9FB78E</tstamp>
    </comp>
    <comp ref="D11">
      <value>D</value>
      <footprint>kbd:D3_SMD</footprint>
      <datasheet>~</datasheet>
      <libsource lib="Device" part="D" description="Diode"/>
      <sheetpath names="/" tstamps="/"/>
      <tstamp>5B9FB795</tstamp>
    </comp>
    <comp ref="SW15">
      <value>SW_PUSH</value>
      <footprint>kbd:CherryMX_Hotswap</footprint>
      <libsource lib="kbd" part="SW_PUSH" description=""/>
      <sheetpath names="/" tstamps="/"/>
      <tstamp>5B9FB7A1</tstamp>
    </comp>
    <comp ref="D15">
      <value>D</value>
      <footprint>kbd:D3_SMD</footprint>
      <datasheet>~</datasheet>
      <libsource lib="Device" part="D" description="Diode"/>
      <sheetpath names="/" tstamps="/"/>
      <tstamp>5B9FB7A8</tstamp>
    </comp>
    <comp ref="SW19">
      <value>SW_PUSH</value>
      <footprint>kbd:CherryMX_Hotswap</footprint>
      <libsource lib="kbd" part="SW_PUSH" description=""/>
      <sheetpath names="/" tstamps="/"/>
      <tstamp>5B9FB7B4</tstamp>
    </comp>
    <comp ref="D19">
      <value>D</value>
      <footprint>kbd:D3_SMD</footprint>
      <datasheet>~</datasheet>
      <libsource lib="Device" part="D" description="Diode"/>
      <sheetpath names="/" tstamps="/"/>
      <tstamp>5B9FB7BB</tstamp>
    </comp>
    <comp ref="SW4">
      <value>SW_PUSH</value>
      <footprint>kbd:CherryMX_Hotswap</footprint>
      <libsource lib="kbd" part="SW_PUSH" description=""/>
      <sheetpath names="/" tstamps="/"/>
      <tstamp>5B9FECB0</tstamp>
    </comp>
    <comp ref="D4">
      <value>D</value>
      <footprint>kbd:D3_SMD</footprint>
      <datasheet>~</datasheet>
      <libsource lib="Device" part="D" description="Diode"/>
      <sheetpath names="/" tstamps="/"/>
      <tstamp>5B9FECB7</tstamp>
    </comp>
    <comp ref="SW8">
      <value>SW_PUSH</value>
      <footprint>kbd:CherryMX_Hotswap</footprint>
      <libsource lib="kbd" part="SW_PUSH" description=""/>
      <sheetpath names="/" tstamps="/"/>
      <tstamp>5B9FECC3</tstamp>
    </comp>
    <comp ref="D8">
      <value>D</value>
      <footprint>kbd:D3_SMD</footprint>
      <datasheet>~</datasheet>
      <libsource lib="Device" part="D" description="Diode"/>
      <sheetpath names="/" tstamps="/"/>
      <tstamp>5B9FECCA</tstamp>
    </comp>
    <comp ref="SW12">
      <value>SW_PUSH</value>
      <footprint>kbd:CherryMX_Hotswap</footprint>
      <libsource lib="kbd" part="SW_PUSH" description=""/>
      <sheetpath names="/" tstamps="/"/>
      <tstamp>5B9FECD6</tstamp>
    </comp>
    <comp ref="D12">
      <value>D</value>
      <footprint>kbd:D3_SMD</footprint>
      <datasheet>~</datasheet>
      <libsource lib="Device" part="D" description="Diode"/>
      <sheetpath names="/" tstamps="/"/>
      <tstamp>5B9FECDD</tstamp>
    </comp>
    <comp ref="SW16">
      <value>SW_PUSH</value>
      <footprint>kbd:CherryMX_Hotswap</footprint>
      <libsource lib="kbd" part="SW_PUSH" description=""/>
      <sheetpath names="/" tstamps="/"/>
      <tstamp>5B9FECE9</tstamp>
    </comp>
    <comp ref="D16">
      <value>D</value>
      <footprint>kbd:D3_SMD</footprint>
      <datasheet>~</datasheet>
      <libsource lib="Device" part="D" description="Diode"/>
      <sheetpath names="/" tstamps="/"/>
      <tstamp>5B9FECF0</tstamp>
    </comp>
    <comp ref="SW20">
      <value>SW_PUSH</value>
      <footprint>kbd:CherryMX_Hotswap</footprint>
      <libsource lib="kbd" part="SW_PUSH" description=""/>
      <sheetpath names="/" tstamps="/"/>
      <tstamp>5B9FECFC</tstamp>
    </comp>
    <comp ref="D20">
      <value>D</value>
      <footprint>kbd:D3_SMD</footprint>
      <datasheet>~</datasheet>
      <libsource lib="Device" part="D" description="Diode"/>
      <sheetpath names="/" tstamps="/"/>
      <tstamp>5B9FED03</tstamp>
    </comp>
    <comp ref="J5">
      <value>Column</value>
      <datasheet>~</datasheet>
      <libsource lib="Connector_Generic" part="Conn_01x06" description="Generic connector, single row, 01x06, script generated (kicad-library-utils/schlib/autogen/connector/)"/>
      <sheetpath names="/" tstamps="/"/>
      <tstamp>5BA1195A</tstamp>
    </comp>
    <comp ref="J6">
      <value>Conn_01x04</value>
      <datasheet>~</datasheet>
      <libsource lib="Connector_Generic" part="Conn_01x04" description="Generic connector, single row, 01x04, script generated (kicad-library-utils/schlib/autogen/connector/)"/>
      <sheetpath names="/" tstamps="/"/>
      <tstamp>5BA11C16</tstamp>
    </comp>
    <comp ref="J7">
      <value>comm</value>
      <datasheet>~</datasheet>
      <libsource lib="Connector_Generic" part="Conn_01x02" description="Generic connector, single row, 01x02, script generated (kicad-library-utils/schlib/autogen/connector/)"/>
      <sheetpath names="/" tstamps="/"/>
      <tstamp>5BA1C468</tstamp>
    </comp>
    <comp ref="L1">
      <value>SK6812MINI</value>
      <footprint>kbd:SK6812MINI_rev</footprint>
      <libsource lib="kbd" part="SK6812MINI" description=""/>
      <sheetpath names="/" tstamps="/"/>
      <tstamp>5BA6B16A</tstamp>
    </comp>
    <comp ref="L2">
      <value>SK6812MINI</value>
      <footprint>kbd:SK6812MINI_rev</footprint>
      <libsource lib="kbd" part="SK6812MINI" description=""/>
      <sheetpath names="/" tstamps="/"/>
      <tstamp>5BA6B86E</tstamp>
    </comp>
    <comp ref="L3">
      <value>SK6812MINI</value>
      <footprint>kbd:SK6812MINI_rev</footprint>
      <libsource lib="kbd" part="SK6812MINI" description=""/>
      <sheetpath names="/" tstamps="/"/>
      <tstamp>5BA6BB79</tstamp>
    </comp>
    <comp ref="L4">
      <value>SK6812MINI</value>
      <footprint>kbd:SK6812MINI_rev</footprint>
      <libsource lib="kbd" part="SK6812MINI" description=""/>
      <sheetpath names="/" tstamps="/"/>
      <tstamp>5BA6BC1D</tstamp>
    </comp>
    <comp ref="L5">
      <value>SK6812MINI</value>
      <footprint>kbd:SK6812MINI_rev</footprint>
      <libsource lib="kbd" part="SK6812MINI" description=""/>
      <sheetpath names="/" tstamps="/"/>
      <tstamp>5BAA7E14</tstamp>
    </comp>
    <comp ref="L6">
      <value>SK6812MINI</value>
      <footprint>kbd:SK6812MINI_rev</footprint>
      <libsource lib="kbd" part="SK6812MINI" description=""/>
      <sheetpath names="/" tstamps="/"/>
      <tstamp>5BAA7E1B</tstamp>
    </comp>
    <comp ref="L7">
      <value>SK6812MINI</value>
      <footprint>kbd:SK6812MINI_rev</footprint>
      <libsource lib="kbd" part="SK6812MINI" description=""/>
      <sheetpath names="/" tstamps="/"/>
      <tstamp>5BAA7E22</tstamp>
    </comp>
    <comp ref="L8">
      <value>SK6812MINI</value>
      <footprint>kbd:SK6812MINI_rev</footprint>
      <libsource lib="kbd" part="SK6812MINI" description=""/>
      <sheetpath names="/" tstamps="/"/>
      <tstamp>5BAA7E29</tstamp>
    </comp>
    <comp ref="L9">
      <value>SK6812MINI</value>
      <footprint>kbd:SK6812MINI_rev</footprint>
      <libsource lib="kbd" part="SK6812MINI" description=""/>
      <sheetpath names="/" tstamps="/"/>
      <tstamp>5BAC8B2F</tstamp>
    </comp>
    <comp ref="L10">
      <value>SK6812MINI</value>
      <footprint>kbd:SK6812MINI_rev</footprint>
      <libsource lib="kbd" part="SK6812MINI" description=""/>
      <sheetpath names="/" tstamps="/"/>
      <tstamp>5BAC8B36</tstamp>
    </comp>
    <comp ref="L11">
      <value>SK6812MINI</value>
      <footprint>kbd:SK6812MINI_rev</footprint>
      <libsource lib="kbd" part="SK6812MINI" description=""/>
      <sheetpath names="/" tstamps="/"/>
      <tstamp>5BAC8B3D</tstamp>
    </comp>
    <comp ref="L12">
      <value>SK6812MINI</value>
      <footprint>kbd:SK6812MINI_rev</footprint>
      <libsource lib="kbd" part="SK6812MINI" description=""/>
      <sheetpath names="/" tstamps="/"/>
      <tstamp>5BAC8B44</tstamp>
    </comp>
    <comp ref="L13">
      <value>SK6812MINI</value>
      <footprint>kbd:SK6812MINI_rev</footprint>
      <libsource lib="kbd" part="SK6812MINI" description=""/>
      <sheetpath names="/" tstamps="/"/>
      <tstamp>5BAD141F</tstamp>
    </comp>
    <comp ref="L14">
      <value>SK6812MINI</value>
      <footprint>kbd:SK6812MINI_rev</footprint>
      <libsource lib="kbd" part="SK6812MINI" description=""/>
      <sheetpath names="/" tstamps="/"/>
      <tstamp>5BAD1426</tstamp>
    </comp>
    <comp ref="L15">
      <value>SK6812MINI</value>
      <footprint>kbd:SK6812MINI_rev</footprint>
      <libsource lib="kbd" part="SK6812MINI" description=""/>
      <sheetpath names="/" tstamps="/"/>
      <tstamp>5BAD142D</tstamp>
    </comp>
    <comp ref="L16">
      <value>SK6812MINI</value>
      <footprint>kbd:SK6812MINI_rev</footprint>
      <libsource lib="kbd" part="SK6812MINI" description=""/>
      <sheetpath names="/" tstamps="/"/>
      <tstamp>5BAD1434</tstamp>
    </comp>
    <comp ref="L17">
      <value>SK6812MINI</value>
      <footprint>kbd:SK6812MINI_rev</footprint>
      <libsource lib="kbd" part="SK6812MINI" description=""/>
      <sheetpath names="/" tstamps="/"/>
      <tstamp>5BADB33C</tstamp>
    </comp>
    <comp ref="L18">
      <value>SK6812MINI</value>
      <footprint>kbd:SK6812MINI_rev</footprint>
      <libsource lib="kbd" part="SK6812MINI" description=""/>
      <sheetpath names="/" tstamps="/"/>
      <tstamp>5BADB343</tstamp>
    </comp>
    <comp ref="L19">
      <value>SK6812MINI</value>
      <footprint>kbd:SK6812MINI_rev</footprint>
      <libsource lib="kbd" part="SK6812MINI" description=""/>
      <sheetpath names="/" tstamps="/"/>
      <tstamp>5BADB34A</tstamp>
    </comp>
    <comp ref="L20">
      <value>SK6812MINI</value>
      <footprint>kbd:SK6812MINI_rev</footprint>
      <libsource lib="kbd" part="SK6812MINI" description=""/>
      <sheetpath names="/" tstamps="/"/>
      <tstamp>5BADB351</tstamp>
    </comp>
    <comp ref="JP9">
      <value>LED</value>
      <footprint>kbd:Jumper</footprint>
      <datasheet>~</datasheet>
      <libsource lib="Device" part="Jumper_NO_Small" description="Jumper, normally open"/>
      <sheetpath names="/" tstamps="/"/>
      <tstamp>5BC57A04</tstamp>
    </comp>
  </components>
  <libparts>
    <libpart lib="Connector_Generic" part="Conn_01x02">
      <description>Generic connector, single row, 01x02, script generated (kicad-library-utils/schlib/autogen/connector/)</description>
      <docs>~</docs>
      <footprints>
        <fp>Connector*:*_1x??_*</fp>
      </footprints>
      <fields>
        <field name="Reference">J</field>
        <field name="Value">Conn_01x02</field>
      </fields>
      <pins>
        <pin num="1" name="Pin_1" type="passive"/>
        <pin num="2" name="Pin_2" type="passive"/>
      </pins>
    </libpart>
    <libpart lib="Connector_Generic" part="Conn_01x03">
      <description>Generic connector, single row, 01x03, script generated (kicad-library-utils/schlib/autogen/connector/)</description>
      <docs>~</docs>
      <footprints>
        <fp>Connector*:*_1x??_*</fp>
      </footprints>
      <fields>
        <field name="Reference">J</field>
        <field name="Value">Conn_01x03</field>
      </fields>
      <pins>
        <pin num="1" name="Pin_1" type="passive"/>
        <pin num="2" name="Pin_2" type="passive"/>
        <pin num="3" name="Pin_3" type="passive"/>
      </pins>
    </libpart>
    <libpart lib="Connector_Generic" part="Conn_01x04">
      <description>Generic connector, single row, 01x04, script generated (kicad-library-utils/schlib/autogen/connector/)</description>
      <docs>~</docs>
      <footprints>
        <fp>Connector*:*_1x??_*</fp>
      </footprints>
      <fields>
        <field name="Reference">J</field>
        <field name="Value">Conn_01x04</field>
      </fields>
      <pins>
        <pin num="1" name="Pin_1" type="passive"/>
        <pin num="2" name="Pin_2" type="passive"/>
        <pin num="3" name="Pin_3" type="passive"/>
        <pin num="4" name="Pin_4" type="passive"/>
      </pins>
    </libpart>
    <libpart lib="Connector_Generic" part="Conn_01x06">
      <description>Generic connector, single row, 01x06, script generated (kicad-library-utils/schlib/autogen/connector/)</description>
      <docs>~</docs>
      <footprints>
        <fp>Connector*:*_1x??_*</fp>
      </footprints>
      <fields>
        <field name="Reference">J</field>
        <field name="Value">Conn_01x06</field>
      </fields>
      <pins>
        <pin num="1" name="Pin_1" type="passive"/>
        <pin num="2" name="Pin_2" type="passive"/>
        <pin num="3" name="Pin_3" type="passive"/>
        <pin num="4" name="Pin_4" type="passive"/>
        <pin num="5" name="Pin_5" type="passive"/>
        <pin num="6" name="Pin_6" type="passive"/>
      </pins>
    </libpart>
    <libpart lib="Device" part="D">
      <description>Diode</description>
      <docs>~</docs>
      <footprints>
        <fp>TO-???*</fp>
        <fp>*_Diode_*</fp>
        <fp>*SingleDiode*</fp>
        <fp>D_*</fp>
      </footprints>
      <fields>
        <field name="Reference">D</field>
        <field name="Value">D</field>
      </fields>
      <pins>
        <pin num="1" name="K" type="passive"/>
        <pin num="2" name="A" type="passive"/>
      </pins>
    </libpart>
    <libpart lib="Device" part="Jumper_NO_Small">
      <description>Jumper, normally open</description>
      <docs>~</docs>
      <fields>
        <field name="Reference">JP</field>
        <field name="Value">Jumper_NO_Small</field>
      </fields>
      <pins>
        <pin num="1" name="1" type="passive"/>
        <pin num="2" name="2" type="passive"/>
      </pins>
    </libpart>
    <libpart lib="Device" part="R">
      <description>Resistor</description>
      <docs>~</docs>
      <footprints>
        <fp>R_*</fp>
      </footprints>
      <fields>
        <field name="Reference">R</field>
        <field name="Value">R</field>
      </fields>
      <pins>
        <pin num="1" name="~" type="passive"/>
        <pin num="2" name="~" type="passive"/>
      </pins>
    </libpart>
    <libpart lib="kbd" part="MJ-4PP-9">
      <fields>
        <field name="Reference">J</field>
        <field name="Value">MJ-4PP-9</field>
      </fields>
      <pins>
        <pin num="A" name="~" type="input"/>
        <pin num="B" name="~" type="input"/>
        <pin num="C" name="~" type="input"/>
        <pin num="D" name="~" type="input"/>
      </pins>
    </libpart>
    <libpart lib="kbd" part="ProMicro">
      <fields>
        <field name="Reference">U</field>
        <field name="Value">ProMicro</field>
      </fields>
      <pins>
        <pin num="1" name="TX" type="BiDi"/>
        <pin num="2" name="RX" type="BiDi"/>
        <pin num="3" name="GND" type="power_in"/>
        <pin num="4" name="GND" type="power_in"/>
        <pin num="5" name="SDA" type="BiDi"/>
        <pin num="6" name="SCL" type="BiDi"/>
        <pin num="7" name="D4" type="BiDi"/>
        <pin num="8" name="C6" type="BiDi"/>
        <pin num="9" name="D7" type="BiDi"/>
        <pin num="10" name="E6" type="BiDi"/>
        <pin num="11" name="B4" type="BiDi"/>
        <pin num="12" name="B5" type="BiDi"/>
        <pin num="13" name="B6" type="BiDi"/>
        <pin num="14" name="B2" type="BiDi"/>
        <pin num="15" name="B3" type="BiDi"/>
        <pin num="16" name="B1" type="BiDi"/>
        <pin num="17" name="F7" type="BiDi"/>
        <pin num="18" name="F6" type="BiDi"/>
        <pin num="19" name="F5" type="BiDi"/>
        <pin num="20" name="F4" type="BiDi"/>
        <pin num="21" name="VCC" type="power_in"/>
        <pin num="22" name="RST" type="input"/>
        <pin num="23" name="GND" type="power_in"/>
        <pin num="24" name="RAW" type="power_out"/>
      </pins>
    </libpart>
    <libpart lib="kbd" part="SK6812MINI">
      <fields>
        <field name="Reference">L</field>
        <field name="Value">SK6812MINI</field>
      </fields>
      <pins>
        <pin num="1" name="DOUT" type="output"/>
        <pin num="2" name="VSS" type="power_in"/>
        <pin num="3" name="DIN" type="input"/>
        <pin num="4" name="VDD" type="power_in"/>
      </pins>
    </libpart>
    <libpart lib="kbd" part="SW_PUSH">
      <fields>
        <field name="Reference">SW</field>
        <field name="Value">SW_PUSH</field>
      </fields>
      <pins>
        <pin num="1" name="1" type="passive"/>
        <pin num="2" name="2" type="passive"/>
      </pins>
    </libpart>
  </libparts>
  <libraries>
    <library logical="Connector_Generic">
      <uri>C:\Program Files\KiCad\share\kicad\library/Connector_Generic.lib</uri>
    </library>
    <library logical="Device">
      <uri>C:\Program Files\KiCad\share\kicad\library/Device.lib</uri>
    </library>
    <library logical="kbd">
      <uri>C:/Users/study/Downloads/Rhymestone/kbd.lib</uri>
    </library>
  </libraries>
  <nets>
    <net code="1" name="GND">
      <node ref="J1" pin="C"/>
      <node ref="J2" pin="1"/>
      <node ref="L1" pin="2"/>
      <node ref="L2" pin="2"/>
      <node ref="JP8" pin="1"/>
      <node ref="RSW1" pin="2"/>
      <node ref="L3" pin="2"/>
      <node ref="L4" pin="2"/>
      <node ref="L20" pin="2"/>
      <node ref="L19" pin="2"/>
      <node ref="U1" pin="4"/>
      <node ref="U1" pin="3"/>
      <node ref="U1" pin="23"/>
      <node ref="JP1" pin="1"/>
      <node ref="L13" pin="2"/>
      <node ref="L14" pin="2"/>
      <node ref="L15" pin="2"/>
      <node ref="L16" pin="2"/>
      <node ref="L7" pin="2"/>
      <node ref="L17" pin="2"/>
      <node ref="L18" pin="2"/>
      <node ref="L10" pin="2"/>
      <node ref="L5" pin="2"/>
      <node ref="L6" pin="2"/>
      <node ref="L9" pin="2"/>
      <node ref="L12" pin="2"/>
      <node ref="L11" pin="2"/>
      <node ref="L8" pin="2"/>
    </net>
    <net code="2" name="Net-(L11-Pad1)">
      <node ref="L11" pin="1"/>
      <node ref="L7" pin="3"/>
    </net>
    <net code="3" name="Net-(L12-Pad1)">
      <node ref="L12" pin="1"/>
      <node ref="L8" pin="3"/>
    </net>
    <net code="4" name="Net-(L5-Pad3)">
      <node ref="L9" pin="1"/>
      <node ref="L5" pin="3"/>
    </net>
    <net code="5" name="VCC">
      <node ref="JP2" pin="1"/>
      <node ref="R2" pin="1"/>
      <node ref="R1" pin="1"/>
      <node ref="L9" pin="4"/>
      <node ref="JP7" pin="1"/>
      <node ref="L20" pin="4"/>
      <node ref="L17" pin="4"/>
      <node ref="L16" pin="4"/>
      <node ref="L14" pin="4"/>
      <node ref="L13" pin="4"/>
      <node ref="L15" pin="4"/>
      <node ref="L19" pin="4"/>
      <node ref="L10" pin="4"/>
      <node ref="L6" pin="4"/>
      <node ref="L5" pin="4"/>
      <node ref="L18" pin="4"/>
      <node ref="U1" pin="21"/>
      <node ref="J2" pin="3"/>
      <node ref="J1" pin="D"/>
      <node ref="L1" pin="4"/>
      <node ref="L2" pin="4"/>
      <node ref="L7" pin="4"/>
      <node ref="L8" pin="4"/>
      <node ref="L3" pin="4"/>
      <node ref="L4" pin="4"/>
      <node ref="L11" pin="4"/>
      <node ref="L12" pin="4"/>
    </net>
    <net code="6" name="Net-(L10-Pad1)">
      <node ref="L10" pin="1"/>
      <node ref="L6" pin="3"/>
    </net>
    <net code="7" name="Net-(L4-Pad3)">
      <node ref="L8" pin="1"/>
      <node ref="L4" pin="3"/>
    </net>
    <net code="8" name="Net-(L13-Pad1)">
      <node ref="L9" pin="3"/>
      <node ref="L13" pin="1"/>
    </net>
    <net code="9" name="Net-(L10-Pad3)">
      <node ref="L10" pin="3"/>
      <node ref="L14" pin="1"/>
    </net>
    <net code="10" name="Net-(L11-Pad3)">
      <node ref="L15" pin="1"/>
      <node ref="L11" pin="3"/>
    </net>
    <net code="11" name="Net-(L12-Pad3)">
      <node ref="L12" pin="3"/>
      <node ref="L16" pin="1"/>
    </net>
    <net code="12" name="Net-(L1-Pad3)">
      <node ref="L5" pin="1"/>
      <node ref="L1" pin="3"/>
    </net>
    <net code="13" name="Net-(L2-Pad3)">
      <node ref="L2" pin="3"/>
      <node ref="L6" pin="1"/>
    </net>
    <net code="14" name="Net-(L3-Pad3)">
      <node ref="L3" pin="3"/>
      <node ref="L7" pin="1"/>
    </net>
    <net code="15" name="col0">
      <node ref="SW1" pin="1"/>
      <node ref="SW4" pin="1"/>
      <node ref="SW2" pin="1"/>
      <node ref="U1" pin="7"/>
      <node ref="J5" pin="1"/>
      <node ref="SW3" pin="1"/>
    </net>
    <net code="16" name="col1">
      <node ref="SW5" pin="1"/>
      <node ref="U1" pin="8"/>
      <node ref="J5" pin="2"/>
      <node ref="SW8" pin="1"/>
      <node ref="SW7" pin="1"/>
      <node ref="SW6" pin="1"/>
    </net>
    <net code="17" name="col2">
      <node ref="J5" pin="3"/>
      <node ref="U1" pin="9"/>
      <node ref="SW12" pin="1"/>
      <node ref="SW10" pin="1"/>
      <node ref="SW11" pin="1"/>
      <node ref="SW9" pin="1"/>
    </net>
    <net code="18" name="col3">
      <node ref="SW13" pin="1"/>
      <node ref="U1" pin="10"/>
      <node ref="SW15" pin="1"/>
      <node ref="SW14" pin="1"/>
      <node ref="SW16" pin="1"/>
      <node ref="J5" pin="4"/>
    </net>
    <net code="19" name="col4">
      <node ref="SW17" pin="1"/>
      <node ref="SW19" pin="1"/>
      <node ref="U1" pin="11"/>
      <node ref="SW18" pin="1"/>
      <node ref="SW20" pin="1"/>
      <node ref="J5" pin="5"/>
    </net>
    <net code="20" name="col5">
      <node ref="U1" pin="12"/>
      <node ref="J5" pin="6"/>
    </net>
    <net code="21" name="row4">
      <node ref="U1" pin="16"/>
      <node ref="J6" pin="1"/>
    </net>
    <net code="22" name="row5">
      <node ref="U1" pin="15"/>
      <node ref="J6" pin="2"/>
    </net>
    <net code="23" name="row6">
      <node ref="U1" pin="14"/>
      <node ref="J6" pin="3"/>
    </net>
    <net code="24" name="row7">
      <node ref="U1" pin="13"/>
      <node ref="J6" pin="4"/>
    </net>
    <net code="25" name="Net-(D16-Pad2)">
      <node ref="D16" pin="2"/>
      <node ref="SW16" pin="2"/>
    </net>
    <net code="26" name="Net-(D8-Pad2)">
      <node ref="D8" pin="2"/>
      <node ref="SW8" pin="2"/>
    </net>
    <net code="27" name="Net-(D12-Pad2)">
      <node ref="D12" pin="2"/>
      <node ref="SW12" pin="2"/>
    </net>
    <net code="28" name="Net-(D20-Pad2)">
      <node ref="SW20" pin="2"/>
      <node ref="D20" pin="2"/>
    </net>
    <net code="29" name="data">
      <node ref="J7" pin="1"/>
      <node ref="J1" pin="B"/>
      <node ref="U1" pin="2"/>
    </net>
    <net code="30" name="optdata">
      <node ref="J7" pin="2"/>
      <node ref="J1" pin="A"/>
      <node ref="L4" pin="1"/>
    </net>
    <net code="31" name="Net-(U1-Pad24)">
      <node ref="U1" pin="24"/>
    </net>
    <net code="32" name="Net-(L19-Pad3)">
      <node ref="L2" pin="1"/>
      <node ref="L19" pin="3"/>
    </net>
    <net code="33" name="Net-(L20-Pad3)">
      <node ref="L20" pin="3"/>
      <node ref="L3" pin="1"/>
    </net>
    <net code="34" name="Net-(L1-Pad1)">
      <node ref="L1" pin="1"/>
      <node ref="L18" pin="3"/>
    </net>
    <net code="35" name="Net-(JP9-Pad1)">
      <node ref="JP9" pin="1"/>
      <node ref="L17" pin="3"/>
    </net>
    <net code="36" name="LED">
      <node ref="JP9" pin="2"/>
      <node ref="J2" pin="2"/>
      <node ref="U1" pin="1"/>
    </net>
    <net code="37" name="Net-(L16-Pad3)">
      <node ref="L20" pin="1"/>
      <node ref="L16" pin="3"/>
    </net>
    <net code="38" name="Net-(L15-Pad3)">
      <node ref="L19" pin="1"/>
      <node ref="L15" pin="3"/>
    </net>
    <net code="39" name="Net-(L14-Pad3)">
      <node ref="L14" pin="3"/>
      <node ref="L18" pin="1"/>
    </net>
    <net code="40" name="Net-(L13-Pad3)">
      <node ref="L13" pin="3"/>
      <node ref="L17" pin="1"/>
    </net>
    <net code="41" name="Net-(J3-Pad3)">
      <node ref="JP3" pin="2"/>
      <node ref="JP7" pin="2"/>
      <node ref="J3" pin="3"/>
      <node ref="J4" pin="3"/>
    </net>
    <net code="42" name="Net-(J3-Pad2)">
      <node ref="J4" pin="2"/>
      <node ref="J3" pin="2"/>
      <node ref="JP6" pin="2"/>
      <node ref="JP2" pin="2"/>
    </net>
    <net code="43" name="Net-(J3-Pad1)">
      <node ref="JP5" pin="2"/>
      <node ref="J4" pin="1"/>
      <node ref="JP1" pin="2"/>
      <node ref="J3" pin="1"/>
    </net>
    <net code="44" name="Net-(J3-Pad4)">
      <node ref="J3" pin="4"/>
      <node ref="J4" pin="4"/>
      <node ref="JP8" pin="2"/>
      <node ref="JP4" pin="2"/>
    </net>
    <net code="45" name="row2">
      <node ref="U1" pin="18"/>
      <node ref="D11" pin="1"/>
      <node ref="D7" pin="1"/>
      <node ref="D15" pin="1"/>
      <node ref="D19" pin="1"/>
      <node ref="D3" pin="1"/>
    </net>
    <net code="46" name="row3">
      <node ref="D12" pin="1"/>
      <node ref="U1" pin="17"/>
      <node ref="D8" pin="1"/>
      <node ref="D20" pin="1"/>
      <node ref="D16" pin="1"/>
      <node ref="D4" pin="1"/>
    </net>
    <net code="47" name="row1">
      <node ref="D18" pin="1"/>
      <node ref="D10" pin="1"/>
      <node ref="D6" pin="1"/>
      <node ref="U1" pin="19"/>
      <node ref="D14" pin="1"/>
      <node ref="D2" pin="1"/>
    </net>
    <net code="48" name="reset">
      <node ref="RSW1" pin="1"/>
      <node ref="U1" pin="22"/>
    </net>
    <net code="49" name="SDA">
      <node ref="U1" pin="5"/>
      <node ref="R1" pin="2"/>
      <node ref="JP4" pin="1"/>
      <node ref="JP5" pin="1"/>
    </net>
    <net code="50" name="SCL">
      <node ref="R2" pin="2"/>
      <node ref="JP6" pin="1"/>
      <node ref="JP3" pin="1"/>
      <node ref="U1" pin="6"/>
    </net>
    <net code="51" name="Net-(D18-Pad2)">
      <node ref="D18" pin="2"/>
      <node ref="SW18" pin="2"/>
    </net>
    <net code="52" name="Net-(D3-Pad2)">
      <node ref="SW3" pin="2"/>
      <node ref="D3" pin="2"/>
    </net>
    <net code="53" name="Net-(D6-Pad2)">
      <node ref="SW6" pin="2"/>
      <node ref="D6" pin="2"/>
    </net>
    <net code="54" name="Net-(D10-Pad2)">
      <node ref="SW10" pin="2"/>
      <node ref="D10" pin="2"/>
    </net>
    <net code="55" name="Net-(D14-Pad2)">
      <node ref="SW14" pin="2"/>
      <node ref="D14" pin="2"/>
    </net>
    <net code="56" name="Net-(D19-Pad2)">
      <node ref="D19" pin="2"/>
      <node ref="SW19" pin="2"/>
    </net>
    <net code="57" name="Net-(D4-Pad2)">
      <node ref="SW4" pin="2"/>
      <node ref="D4" pin="2"/>
    </net>
    <net code="58" name="Net-(D11-Pad2)">
      <node ref="D11" pin="2"/>
      <node ref="SW11" pin="2"/>
    </net>
    <net code="59" name="Net-(D7-Pad2)">
      <node ref="SW7" pin="2"/>
      <node ref="D7" pin="2"/>
    </net>
    <net code="60" name="Net-(D15-Pad2)">
      <node ref="D15" pin="2"/>
      <node ref="SW15" pin="2"/>
    </net>
    <net code="61" name="Net-(D1-Pad2)">
      <node ref="D1" pin="2"/>
      <node ref="SW1" pin="2"/>
    </net>
    <net code="62" name="Net-(D17-Pad2)">
      <node ref="SW17" pin="2"/>
      <node ref="D17" pin="2"/>
    </net>
    <net code="63" name="Net-(D13-Pad2)">
      <node ref="SW13" pin="2"/>
      <node ref="D13" pin="2"/>
    </net>
    <net code="64" name="Net-(D2-Pad2)">
      <node ref="SW2" pin="2"/>
      <node ref="D2" pin="2"/>
    </net>
    <net code="65" name="Net-(D5-Pad2)">
      <node ref="SW5" pin="2"/>
      <node ref="D5" pin="2"/>
    </net>
    <net code="66" name="row0">
      <node ref="D9" pin="1"/>
      <node ref="D5" pin="1"/>
      <node ref="D17" pin="1"/>
      <node ref="D13" pin="1"/>
      <node ref="U1" pin="20"/>
      <node ref="D1" pin="1"/>
    </net>
    <net code="67" name="Net-(D9-Pad2)">
      <node ref="SW9" pin="2"/>
      <node ref="D9" pin="2"/>
    </net>
  </nets>
</export>
